{"cameraMode":{"drawMode":0,"name":"Shaded","section":"Shading Mode"},"sceneLighting":false,"audioPlay":false,"sceneViewState":{"m_AlwaysRefresh":false,"showFog":true,"showSkybox":true,"showFlares":true,"showImageEffects":true,"showParticleSystems":true,"showVisualEffectGraphs":true,"m_FxEnabled":true},"in2DMode":false,"pivot":{"x":518.0416259765625,"y":467.85833740234377,"z":340.7313232421875},"rotation":{"x":-0.03779006749391556,"y":0.02702423185110092,"z":-0.0010074529564008117,"w":-0.9989498257637024},"size":634.3975830078125,"orthographic":false}